{"activityLevel":0,"activityList":[{"activeTime":4062000,"calorie":281.16998,"distance":5260.85,"type":1001},{"activeTime":2633063,"calorie":160.11798,"distance":3043.3594,"type":-1}],"age":30,"gender":"M","height":170.0,"stepCount":11159,"weight":65.0}